"year_str","year_end","TN_mean","hydro_mean","delivery_ratio","comment"
1992,1994,486.202330326858,449.439169333333,1.08179785720069,"Current paradigm"
2001,2021,570.9678231253,662.603487187464,0.861703619383098,"Broad contemporary period"
2004,2010,530.235838386013,593.511433092115,0.893387740862136,"Period of historic seagrass expansion"
2005,2009,461.930894647642,536.956125379406,0.860276795094289,"Subset of 2004-2010 seagrass expansion period"
2015,2021,559.730554819053,691.000839493226,0.810028762381179,"Precedes/includes seagrass decline"
