"year_str","year_end","TN_mean","hydro_mean","delivery_ratio","comment"
1992,1994,486.202330326858,449.439169333333,1.08179785720069,"current paradigm"
2000,2021,563.030992109592,651.247219442654,0.864542642641056,"broad contemparary period"
2004,2010,530.235838386013,593.511433092115,0.893387740862136,"precedes seagrass growth/recovery"
2015,2021,559.730554819053,691.000839493226,0.810028762381179,"precedes/includes seagrass decline"
